{
  "suit.cordaxe.charge": {
    "category": "player",
    "sounds": [
      "suit/cordaxe/charge"
    ]
  },
  "suit.cordaxe.shoot": {
    "category": "player",
    "sounds": [
      "suit/cordaxe/shoot"
    ]
  },
  "suit.entity.souls.loop": {
    "category": "player",
    "sounds": [
      "suit/entity/souls_loop"
    ]
  },
  "suit.entity.souls.start": {
    "category": "player",
    "sounds": [
      "suit/entity/souls_start"
    ]
  },
  "suit.entity.wrath.loop": {
    "category": "player",
    "sounds": [
      "suit/entity/wrath_loop"
    ]
  },
  "suit.thundercrash.thunderclap": {
    "category": "player",
    "sounds": [
      "suit/thundercrash/thunderclap"
    ]
  },
  "suit.thundercrash.roar": {
    "category": "player",
    "sounds": [
      "suit/thundercrash/roar_1",
      "suit/thundercrash/roar_2"
    ]
  },
  "suit.potato.laser.loop": {
    "category": "player",
    "sounds": [
      "suit/potato/laser_loop"
    ]
  },
  "suit.vibeman.beam.shoot": {
    "category": "player",
    "sounds": [
      "suit/vibeman/beam_shoot"
    ]
  },
  "suit.vibeman.beam.loop": {
    "category": "player",
    "sounds": [
      "suit/vibeman/beam_loop"
    ]
  },
  "suit.prism_archer.motorcycle.start": {
    "category": "player",
    "sounds": [
      "suit/prism_archer/motorcycle_start"
    ]
  },
  "suit.prism_archer.motorcycle.idle": {
    "category": "player",
    "sounds": [
      "suit/prism_archer/motorcycle_idle"
    ]
  },
  "suit.prism_archer.motorcycle.drive": {
    "category": "player",
    "sounds": [
      "suit/prism_archer/motorcycle_drive"
    ]
  },
  "suit.prism_archer.motorcycle.loop": {
    "category": "player",
    "sounds": [
      "suit/prism_archer/motorcycle_loop"
    ]
  },
  "suit.prism_archer.motorcycle.stop": {
    "category": "player",
    "sounds": [
      "suit/prism_archer/motorcycle_stop"
    ]
  },
  "suit.sculkwater.liquid.loop": {
    "category": "player",
    "sounds": [
      "suit/sculkwater/liquid_loop"
    ]
  },
  "suit.sculkwater.sonic_wave.shoot": {
    "category": "player",
    "sounds": [
      "suit/sculkwater/sonic_wave"
    ]
  },
  "suit.sculkwater.sculk.transform": {
    "category": "player",
    "sounds": [
      "suit/sculkwater/sculk_transform"
    ]
  },
  "suit.sculkwater.humanoid.transform": {
    "category": "player",
    "sounds": [
      "suit/sculkwater/humanoid_transform"
    ]
  },
  "suit.tornado_arms": {
    "category": "player",
    "sounds": [
      "suit/tornado_arms"
    ]
  },

  "suit.blaze.transformation": {
    "category": "player",
    "sounds": [
      "suit/blaze/blaze_transform"
    ]
  },
  "suit.blaze.timeout": {
    "category": "player",
    "sounds": [
      "suit/blaze/blaze_timeout"
    ]
  },
  "suit.blaze.button": {
    "category": "player",
    "sounds": [
      "suit/blaze/button_press"
    ]
  },
  "diamondhead.blade": {
    "sounds": [
      "suit/blaze/diamondhead_blade"
    ],
    "category": "player"
  },
  "diamondhead.deflect": {
    "sounds": [
      "suit/blaze/diamondhead_deflect"
    ],
    "category": "player"
  },
  "cannonbolt.movement": {
    "sounds": [
      "suit/blaze/cannonbolt_movement"
    ],
    "category": "player"
  },
  "cannonbolt.tornado.loop": {
    "sounds": [
      "suit/blaze/cannonbolt_tornado_loop"
    ],
    "category": "player"
  },
  "cannonbolt.tornado.start": {
    "sounds": [
      "suit/blaze/cannonbolt_tornado_start"
    ],
    "category": "player"
  },
  "diamondhead.wave": {
    "sounds": [
      "suit/blaze/diamondhead_wave"
    ],
    "category": "player"
  }
}