{
    "suit.iron_man.crab_cannon.shoot": {
      "category": "player",
      "sounds": [
        "suit/iron_man/crab_cannon_shoot"
      ]
    },
    "suit.iron_man.landing_1": {
      "category": "player",
      "sounds": [
        "suit/iron_man/landing_1"
      ]
    },
    "suit.iron_man.landing_2": {
      "category": "player",
      "sounds": [
        "suit/iron_man/landing_2"
      ]
    },
    "suit.iron_man.repulsor.aim_1": {
      "category": "player",
      "sounds": [
        "suit/iron_man/repulsor_aim_1"
      ]
    },
    "suit.iron_man.repulsor.aim_2": {
      "category": "player",
      "sounds": [
        "suit/iron_man/repulsor_aim_2"
      ]
    },
    "suit.iron_man.repulsor.aim_3": {
      "category": "player",
      "sounds": [
        "suit/iron_man/repulsor_aim_3"
      ]
    },
    "suit.iron_man.repulsor.shoot_1": {
      "category": "player",
      "sounds": [
        "suit/iron_man/repulsor_shoot_1"
      ]
    },
    "suit.iron_man.repulsor.shoot_2": {
      "category": "player",
      "sounds": [
        "suit/iron_man/repulsor_shoot_2"
      ]
    },
    "suit.iron_man.repulsor.shoot_3": {
      "category": "player",
      "sounds": [
        "suit/iron_man/repulsor_shoot_3"
      ]
    },
    "suit.iron_man.unibeam.charge_1": {
      "category": "player",
      "sounds": [
        "suit/iron_man/unibeam_charge_1"
      ]
    },
    "suit.iron_man.unibeam.charge_2": {
      "category": "player",
      "sounds": [
        "suit/iron_man/unibeam_charge_2"
      ]
    },
    "suit.iron_man.unibeam.charge_3": {
      "category": "player",
      "sounds": [
        "suit/iron_man/unibeam_charge_3"
      ]
    },
    "suit.iron_man.unibeam.loop": {
      "category": "player",
      "sounds": [
        "suit/iron_man/unibeam_loop"
      ]
    },
    "suit.iron_man.bleeding_edge.enable": {
      "category": "player",
      "sounds": [
        "suit/iron_man/bleeding_edge_enable"
      ]
    },
    "suit.iron_man.bleeding_edge.disable": {
      "category": "player",
      "sounds": [
        "suit/iron_man/bleeding_edge_disable"
      ]
    },
    "suit.iron_man.superior.enable": {
      "category": "player",
      "sounds": [
        "suit/iron_man/superior_enable"
      ]
    },
    "suit.iron_man.superior.disable": {
      "category": "player",
      "sounds": [
        "suit/iron_man/superior_disable"
      ]
    }
}