{
    "suit.cordaxe.charge": {
      "category": "player",
      "sounds": [
        "suit/cordaxe/charge"
      ]
    },
    "suit.cordaxe.shoot": {
      "category": "player",
      "sounds": [
        "suit/cordaxe/shoot"
      ]
    },
    "suit.entity.souls.loop": {
      "category": "player",
      "sounds": [
        "suit/entity/souls_loop"
      ]
    },
    "suit.entity.souls.start": {
      "category": "player",
      "sounds": [
        "suit/entity/souls_start"
      ]
    },
    "suit.entity.wrath.loop": {
      "category": "player",
      "sounds": [
        "suit/entity/wrath_loop"
      ]
    },
    "suit.thundercrash.thunderclap": {
      "category": "player",
      "sounds": [
        "suit/thundercrash/thunderclap"
      ]
    },
    "suit.potato.laser.loop": {
      "category": "player",
      "sounds": [
        "suit/potato/laser_loop"
      ]
    },
    "suit.vibeman.beam.shoot": {
      "category": "player",
      "sounds": [
        "suit/vibeman/beam_shoot"
      ]
    },
    "suit.vibeman.beam.loop": {
      "category": "player",
      "sounds": [
        "suit/vibeman/beam_loop"
      ]
    },
    "suit.prism_archer.motorcycle.start": {
      "category": "player",
      "sounds": [
        "suit/prism_archer/motorcycle_start"
      ]
    },
    "suit.prism_archer.motorcycle.idle": {
      "category": "player",
      "sounds": [
        "suit/prism_archer/motorcycle_idle"
      ]
    },
    "suit.prism_archer.motorcycle.drive": {
      "category": "player",
      "sounds": [
        "suit/prism_archer/motorcycle_drive"
      ]
    },
    "suit.prism_archer.motorcycle.loop": {
      "category": "player",
      "sounds": [
        "suit/prism_archer/motorcycle_loop"
      ]
    },
    "suit.prism_archer.motorcycle.stop": {
      "category": "player",
      "sounds": [
        "suit/prism_archer/motorcycle_stop"
      ]
    }
}