{
    "suit.cordaxe.charge": {
      "category": "player",
      "sounds": [
        "suit/cordaxe/charge"
      ]
    },
    "suit.cordaxe.shoot": {
      "category": "player",
      "sounds": [
        "suit/cordaxe/shoot"
      ]
    },
    "suit.entity.souls.loop": {
      "category": "player",
      "sounds": [
        "suit/entity/souls_loop"
      ]
    },
    "suit.entity.souls.start": {
      "category": "player",
      "sounds": [
        "suit/entity/souls_start"
      ]
    },
    "suit.entity.wrath.loop": {
      "category": "player",
      "sounds": [
        "suit/entity/wrath_loop"
      ]
    },
    "suit.thundercrash.thunderclap": {
      "category": "player",
      "sounds": [
        "suit/thundercrash/thunderclap"
      ]
    }
}